id,prefix,last3,file
abu_004,abu,004,abundant_nes_mobile_terminal_hub_single_file_html (4).html
abu_005,abu,005,abundant_nes_mobile_terminal_hub_single_file_html (5).html
abu_000,abu,000,abundant_nes_mobile_terminal_hub_single_file_html.html
abu_007,abu,007,abunes-07.html
ais_895,ais,895,ai_studio_code - 2025-09-25T152010.895.html
ais_073,ais,073,ai_studio_code - 2025-09-25T152226.073.html
ais_831,ais,831,ai_studio_code - 2025-09-25T152537.831.html
ais_580,ais,580,ai_studio_code - 2025-09-29T055158.580.html
ais_212,ais,212,ai_studio_code - 2025-09-29T055523.212.html
ais_345,ais,345,ai_studio_code - 2025-09-29T055839.345.html
ais_289,ais,289,ai_studio_code - 2025-09-29T060142.289.html
ais_942,ais,942,ai_studio_code - 2025-09-29T060434.942.html
ais_719,ais,719,ai_studio_code - 2025-09-29T060650.719.html
ais_271,ais,271,ai_studio_code - 2025-09-29T060923.271.html
ais_796,ais,796,ai_studio_code - 2025-09-29T061225.796.html
ais_252,ais,252,ai_studio_code - 2025-09-29T062016.252.html
ais_817,ais,817,ai_studio_code - 2025-09-29T062400.817.html
ais_571,ais,571,ai_studio_code - 2025-09-29T062545.571.html
ais_621,ais,621,ai_studio_code - 2025-09-29T062954.621.html
ais_556,ais,556,ai_studio_code - 2025-09-29T063158.556.html
arc_000,arc,000,arc_designer.html
arc_000,arc,000,arc_test.html
bti_001,bti,001,btine_v_2_western_filmmaking_engine_edge_ring_scenes_persistence (1).html
bti_002,bti,002,btine_v_2_western_filmmaking_engine_edge_ring_scenes_persistence (2).html
bti_003,bti,003,btine_v_2_western_filmmaking_engine_edge_ring_scenes_persistence (3).html
bti_004,bti,004,btine_v_2_western_filmmaking_engine_edge_ring_scenes_persistence (4).html
bti_000,bti,000,btine_v_2_western_filmmaking_engine_edge_ring_scenes_persistence.html
bul_000,bul,000,bullet_time_camera_array_mobile_cinematic_debug_single_file.html
bul_001,bul,001,bullet_time_mobile_unthinkable_v_2_mobile_first_bret_victor_refactor (1).html
bul_002,bul,002,bullet_time_mobile_unthinkable_v_2_mobile_first_bret_victor_refactor (2).html
bul_003,bul,003,bullet_time_mobile_unthinkable_v_2_mobile_first_bret_victor_refactor (3).html
bul_004,bul,004,bullet_time_mobile_unthinkable_v_2_mobile_first_bret_victor_refactor (4).html
bul_005,bul,005,bullet_time_mobile_unthinkable_v_2_mobile_first_bret_victor_refactor (5).html
bul_006,bul,006,bullet_time_mobile_unthinkable_v_2_mobile_first_bret_victor_refactor (6).html
bul_000,bul,000,bullet_time_mobile_unthinkable_v_2_mobile_first_bret_victor_refactor.html
chi_001,chi,001,chips_fries_quadrant_business_model_canvases_single_file_html (1).html
exc_001,exc,001,excavator_engine_single_file_ritual_interface (1).html
exc_000,exc,000,excavator_engine_single_file_ritual_interface.html
geo_000,geo,000,geo_tetrad_cultural_os_mobile_first_fullscreen_sound.html
ind_000,ind,000,index.html
muy_001,muy,001,muybridge_bullet_time_media_for_thinking_the_unthinkable_mobile (1).html
muy_002,muy,002,muybridge_bullet_time_media_for_thinking_the_unthinkable_mobile (2).html
muy_003,muy,003,muybridge_bullet_time_media_for_thinking_the_unthinkable_mobile (3).html
muy_004,muy,004,muybridge_bullet_time_media_for_thinking_the_unthinkable_mobile (4).html
muy_005,muy,005,muybridge_bullet_time_media_for_thinking_the_unthinkable_mobile (5).html
muy_000,muy,000,muybridge_bullet_time_media_for_thinking_the_unthinkable_mobile.html
myt_000,myt,000,mythos_∞_cosmogram_mobile_haptic_media_os_single_file.html
myt_000,myt,000,mythos_∞_cosmogram_single_file_html_app.html
orc_001,orc,001,orca_deck_predator_paradox_update_single_file_html (1).html
orc_002,orc,002,orca_deck_predator_paradox_update_single_file_html (2).html
orc_003,orc,003,orca_deck_predator_paradox_update_single_file_html (3).html
orc_000,orc,000,orca_deck_predator_paradox_update_single_file_html.html
orc_000,orc,000,orca_empathy_is_the_apex_predator_mobile_slide_deck_single_file_html.html
orc_001,orc,001,orca_empathy_is_the_apex_predator_single_file_deck (1).html
orc_002,orc,002,orca_empathy_is_the_apex_predator_single_file_deck (2).html
orc_003,orc,003,orca_empathy_is_the_apex_predator_single_file_deck (3).html
orc_004,orc,004,orca_empathy_is_the_apex_predator_single_file_deck (4).html
orc_005,orc,005,orca_empathy_is_the_apex_predator_single_file_deck (5).html
orc_006,orc,006,orca_empathy_is_the_apex_predator_single_file_deck (6).html
orc_000,orc,000,orca_empathy_is_the_apex_predator_single_file_deck.html
pla_000,pla,000,platos_laundry_apparatus_gully_build.html
pla_001,pla,001,platos_laundry_three (1).html
pla_000,pla,000,platos_laundry_three.html
rad_000,rad,000,radio.html
rad_000,rad,000,radio_v2.html
rhm_000,rhm,000,rhm_32_layer_instrument.html
rhm_000,rhm,000,rhm_cards_on_face.html
rhm_000,rhm,000,rhm_cards_on_face_v3.html
rhm_000,rhm,000,rhm_cards_on_face_v4.html
rhm_000,rhm,000,rhm_cards_on_face_v4a.html
rhm_000,rhm,000,rhm_cards_on_face_v5.html
rhm_000,rhm,000,rhm_deck_overlap.html
rhm_000,rhm,000,rhm_dom_v7b.html
rhm_000,rhm,000,rhm_dom_v7c_mobile.html
rhm_000,rhm,000,rhm_dom_v7d_mobile_pro.html
rhm_000,rhm,000,rhm_dom_v7e_mobile_cards.html
rhm_000,rhm,000,rhm_dom_v7f_fix_stacks_colors_overlay.html
rhm_000,rhm,000,rhm_dom_v7g_auto_fit.html
rhm_000,rhm,000,rhm_dom_v7h_read_guaranteed.html
rhm_001,rhm,001,rhm_faces_reader (1).html
rhm_000,rhm,000,rhm_faces_reader.html
rhm_000,rhm,000,rhm_faces_reader_v2.html
rhm_001,rhm,001,rhm_postits (1).html
rhm_000,rhm,000,rhm_postits.html
rhm_000,rhm,000,rhm_three_v9.html
rhm_001,rhm,001,rhm_three_v9b_crisp (1).html
rhm_000,rhm,000,rhm_three_v9b_crisp.html
rhm_000,rhm,000,rhm_three_v9c_depth.html
rhm_000,rhm,000,rhm_three_v9d_venn.html
rhm_000,rhm,000,rhm_three_v9e_cards.html
rhm_000,rhm,000,rhm_three_v9f_camera.html
rhm_000,rhm,000,rhm_three_v9g_overlap.html
rhm_000,rhm,000,rhm_ultralite_v8.html
rhm_000,rhm,000,rhm_venn_stacks_v1.html
rhm_000,rhm,000,rhm_venn_stacks_v2.html
rhm_000,rhm,000,rhm_venn_stacks_v2b.html
sau_001,sau,001,saul_bass_video_door_single_file_no_react (1).html
sau_000,sau,000,saul_bass_video_door_single_file_no_react.html
sea_000,sea,000,sea_sequencer_responsive_edge_controls_v_2.html
sta_001,sta,001,stack_index_minimal_preview_single_file_html (1).html
sta_010,sta,010,stack_index_minimal_preview_single_file_html (10).html
sta_011,sta,011,stack_index_minimal_preview_single_file_html (11).html
sta_012,sta,012,stack_index_minimal_preview_single_file_html (12).html
sta_002,sta,002,stack_index_minimal_preview_single_file_html (2).html
sta_003,sta,003,stack_index_minimal_preview_single_file_html (3).html
sta_004,sta,004,stack_index_minimal_preview_single_file_html (4).html
sta_005,sta,005,stack_index_minimal_preview_single_file_html (5).html
sta_006,sta,006,stack_index_minimal_preview_single_file_html (6).html
sta_007,sta,007,stack_index_minimal_preview_single_file_html (7).html
sta_008,sta,008,stack_index_minimal_preview_single_file_html (8).html
sta_009,sta,009,stack_index_minimal_preview_single_file_html (9).html
sta_000,sta,000,stack_index_minimal_preview_single_file_html.html
ven_001,ven,001,venn_32_glowing_stack_index_single_file (1).html
ven_010,ven,010,venn_32_glowing_stack_index_single_file (10).html
ven_011,ven,011,venn_32_glowing_stack_index_single_file (11).html
ven_012,ven,012,venn_32_glowing_stack_index_single_file (12).html
ven_002,ven,002,venn_32_glowing_stack_index_single_file (2).html
ven_003,ven,003,venn_32_glowing_stack_index_single_file (3).html
ven_004,ven,004,venn_32_glowing_stack_index_single_file (4).html
ven_005,ven,005,venn_32_glowing_stack_index_single_file (5).html
ven_006,ven,006,venn_32_glowing_stack_index_single_file (6).html
ven_007,ven,007,venn_32_glowing_stack_index_single_file (7).html
ven_008,ven,008,venn_32_glowing_stack_index_single_file (8).html
ven_001,ven,001,venn_32_glowing_stack_index_single_file (9) (1).html
ven_009,ven,009,venn_32_glowing_stack_index_single_file (9).html
ven_000,ven,000,venn_32_glowing_stack_index_single_file.html
vid_001,vid,001,video_stacker_∞_full_canvas_you_tube_edition (1).html
vid_002,vid,002,video_stacker_∞_full_canvas_you_tube_edition (2).html
vid_000,vid,000,video_stacker_∞_full_canvas_you_tube_edition.html
vid_000,vid,000,video_stacker_∞_full_refactor_you_tube_screens_auto_framing_better_resets.html
vid_001,vid,001,video_stacker_∞_index (1).html
vid_002,vid,002,video_stacker_∞_index (2).html
vid_000,vid,000,video_stacker_∞_index.html
vid_001,vid,001,video_stacker_∞_mobile_swipe_right_edge_controls_haptics_audio_index (1).html
vid_000,vid,000,video_stacker_∞_mobile_swipe_right_edge_controls_haptics_audio_index.html
vid_001,vid,001,video_stacker_∞_you_tube_css_3_d_edition (1).html
vid_002,vid,002,video_stacker_∞_you_tube_css_3_d_edition (2).html
vid_003,vid,003,video_stacker_∞_you_tube_css_3_d_edition (3).html
vid_004,vid,004,video_stacker_∞_you_tube_css_3_d_edition (4).html
vid_000,vid,000,video_stacker_∞_you_tube_css_3_d_edition.html
vol_001,vol,001,vol_media_decks_everything_is_a_stack_v_20_hud_density_mega_mode (1).html
vol_010,vol,010,vol_media_decks_everything_is_a_stack_v_20_hud_density_mega_mode (10).html
vol_002,vol,002,vol_media_decks_everything_is_a_stack_v_20_hud_density_mega_mode (2).html
vol_003,vol,003,vol_media_decks_everything_is_a_stack_v_20_hud_density_mega_mode (3).html
vol_004,vol,004,vol_media_decks_everything_is_a_stack_v_20_hud_density_mega_mode (4).html
vol_005,vol,005,vol_media_decks_everything_is_a_stack_v_20_hud_density_mega_mode (5).html
vol_006,vol,006,vol_media_decks_everything_is_a_stack_v_20_hud_density_mega_mode (6).html
vol_007,vol,007,vol_media_decks_everything_is_a_stack_v_20_hud_density_mega_mode (7).html
vol_008,vol,008,vol_media_decks_everything_is_a_stack_v_20_hud_density_mega_mode (8).html
vol_009,vol,009,vol_media_decks_everything_is_a_stack_v_20_hud_density_mega_mode (9).html
vol_000,vol,000,vol_media_decks_everything_is_a_stack_v_20_hud_density_mega_mode.html
vol_000,vol,000,vol_media_decks_v6.html
vol_000,vol,000,vol_media_decks_v7.html
vol_000,vol,000,vol_media_decks_v_18_musical_banks_stacks_of_coins_erewhon_fusion.html
vol_000,vol,000,vol_media_decks_v_19_musical_banks_coin_ontology_poml_aware.html
vol_001,vol,001,vol_media_decks_v_19_stack_symmetric_hud_clear_alley (1).html
vol_002,vol,002,vol_media_decks_v_19_stack_symmetric_hud_clear_alley (2).html
vol_000,vol,000,vol_media_decks_v_19_stack_symmetric_hud_clear_alley.html
vol_001,vol,001,vol_media_decks_v_20_edge_docks_fit_frustum_see_through_popup_single_file (1).html
vol_000,vol,000,vol_media_decks_v_20_edge_docks_fit_frustum_see_through_popup_single_file.html
vol_001,vol,001,vol_media_decks_v_5_canvas_only_data_stacks (1).html
vol_002,vol,002,vol_media_decks_v_5_canvas_only_data_stacks (2).html
vol_003,vol,003,vol_media_decks_v_5_canvas_only_data_stacks (3).html
vol_000,vol,000,vol_media_decks_v_5_canvas_only_data_stacks.html
vol_000,vol,000,vol_media_edge_controls_as_pure_stacks.html
vol_001,vol,001,vol_media_master_alley_stack_prototype_v_1 (1).html
vol_000,vol,000,vol_media_master_alley_stack_prototype_v_1.html
vol_001,vol,001,vol_stacks_isometric_sequencer_demo_single_file_canvas (1).html
vol_002,vol,002,vol_stacks_isometric_sequencer_demo_single_file_canvas (2).html
vol_003,vol,003,vol_stacks_isometric_sequencer_demo_single_file_canvas (3).html
vol_004,vol,004,vol_stacks_isometric_sequencer_demo_single_file_canvas (4).html
vol_005,vol,005,vol_stacks_isometric_sequencer_demo_single_file_canvas (5).html
vol_006,vol,006,vol_stacks_isometric_sequencer_demo_single_file_canvas (6).html
vol_000,vol,000,vol_stacks_isometric_sequencer_demo_single_file_canvas.html
vol_001,vol,001,volumetric_cube_stacks_overlap_nexus_gully_edition (1).html
vol_000,vol,000,volumetric_cube_stacks_overlap_nexus_gully_edition.html
vol_001,vol,001,volumetric_media_nexus_unthinkable_applied (1).html
vol_002,vol,002,volumetric_media_nexus_unthinkable_applied (2).html
vol_003,vol,003,volumetric_media_nexus_unthinkable_applied (3).html
vol_004,vol,004,volumetric_media_nexus_unthinkable_applied (4).html
vol_000,vol,000,volumetric_media_nexus_unthinkable_applied.html
vol_001,vol,001,volumetric_venn_cubes_mobile_draggable_dock (1).html
vol_010,vol,010,volumetric_venn_cubes_mobile_draggable_dock (10).html
vol_011,vol,011,volumetric_venn_cubes_mobile_draggable_dock (11).html
vol_012,vol,012,volumetric_venn_cubes_mobile_draggable_dock (12).html
vol_013,vol,013,volumetric_venn_cubes_mobile_draggable_dock (13).html
vol_014,vol,014,volumetric_venn_cubes_mobile_draggable_dock (14).html
vol_002,vol,002,volumetric_venn_cubes_mobile_draggable_dock (2).html
vol_003,vol,003,volumetric_venn_cubes_mobile_draggable_dock (3).html
vol_004,vol,004,volumetric_venn_cubes_mobile_draggable_dock (4).html
vol_005,vol,005,volumetric_venn_cubes_mobile_draggable_dock (5).html
vol_006,vol,006,volumetric_venn_cubes_mobile_draggable_dock (6).html
vol_007,vol,007,volumetric_venn_cubes_mobile_draggable_dock (7).html
vol_008,vol,008,volumetric_venn_cubes_mobile_draggable_dock (8).html
vol_009,vol,009,volumetric_venn_cubes_mobile_draggable_dock (9).html
vol_000,vol,000,volumetric_venn_cubes_mobile_draggable_dock.html
